Quellen-ID;SHA256;Pfade relativ zum Ordner Anleitungen;Kopien;PDF-Seiten;PDF-Erstellungsdatum (Metadatum, kein Ausgabedatum);Extrahierte Zeichen;Textarme PDF-Seiten unter 40 Zeichen;Anleitungsmanifest Dateiname gefunden;Manifest Textzeichen;Dateiname im DE-Wiki erwähnt;Prüftiefe;Geprüfte PDF-Seiten;Befund
dd446222f103;dd446222f103bb42d4ed21b67ce7ffa9ce9e1d9d768f3a1c94f92efe146c4514;Anleitungen/01_Quellanleitungen/00 - Kataloge/katalog_thitronik_ch.pdf | Anleitungen/01_Quellanleitungen/00 - Kataloge/katalog_thitronik_fr.pdf;2;47;D:20260506113138+02'00';105037;;nein;;nein;"Inventarisiert und Text extrahiert; keine inhaltliche Einzelprüfung";;
0523a6052b7e;0523a6052b7ed7f5aa15124a340caf9f1bc1f3c5ac504d77ae08beba0035973c;Anleitungen/01_Quellanleitungen/00 - Kataloge/katalog_thitronik_cz.pdf;1;47;D:20260506095640+02'00';93113;;nein;;nein;"Inventarisiert und Text extrahiert; keine inhaltliche Einzelprüfung";;
b78e48aba47d;b78e48aba47d6948591d6af1d4a29367fdc154c7761aed8c6c374fee4fb7400e;Anleitungen/01_Quellanleitungen/00 - Kataloge/katalog_thitronik_de.pdf;1;47;D:20260506085636+02'00';101332;24,34;nein;;ja;Fingerprint-Doppelseite textlich und visuell geprüft;25 (gedruckt 48-49);"Camp und Van: 0,6 statt 1,7 mA; Van: 151 statt 219 g und WiPro-Freigabe"
efa0161c0413;efa0161c0413964be7be0108bd779bd983bb18ae7e509895d527fb512516a067;Anleitungen/01_Quellanleitungen/00 - Kataloge/katalog_thitronik_en.pdf;1;47;D:20260506111824+02'00';96078;24;nein;;nein;"Inventarisiert und Text extrahiert; keine inhaltliche Einzelprüfung";;
d7d36077b80a;d7d36077b80aaa974ca83fbbc57ab2c0379d4c69f46fd0cdab3ae67647c0dd2c;Anleitungen/01_Quellanleitungen/00 - Kataloge/katalog_thitronik_pl.pdf;1;47;D:20260506110250+02'00';98834;;nein;;nein;"Inventarisiert und Text extrahiert; keine inhaltliche Einzelprüfung";;
b3d33eb2d555;b3d33eb2d555de7343c98f41c2bd1b617c3c93206c8a47df99f8aad7f3583eac;Anleitungen/01_Quellanleitungen/00 - Kataloge/katalog_thitronik_se_02.pdf;1;45;D:20251028145241+01'00';86024;25;nein;;nein;"Inventarisiert und Text extrahiert; keine inhaltliche Einzelprüfung";;
c32c46009dd7;c32c46009dd79f0a83c62e0aec329506e31ce1f3cef2a7a22fc04a2d4bf679f9;Anleitungen/01_Quellanleitungen/Abschalteinrichtungen/abschalteinrichtung_einpolig.pdf;1;2;D:20260427095036+02'00';12674;;ja;12000;ja;"Inventarisiert und Text extrahiert; keine inhaltliche Einzelprüfung";;
9c8df348b7fb;9c8df348b7fbc9f9559bbe4cd06ea59305d1b644891dfa9650b5f49fd06b4507;Anleitungen/01_Quellanleitungen/Abschalteinrichtungen/Abschalteinrichtung_mehrpolig.pdf;1;2;D:20260108124822+01'00';13083;;ja;12000;ja;"Inventarisiert und Text extrahiert; keine inhaltliche Einzelprüfung";;
153aef0a9688;153aef0a9688b71d70f8cf1503bcfb2bee7c2d0940a9caaa0af05450f4355f4d;Anleitungen/01_Quellanleitungen/Backup-Sirene/back-up_sirene_anleitung.pdf;1;1;D:20201217090858+01'00';833;;ja;825;nein;"Inventarisiert und Text extrahiert; keine inhaltliche Einzelprüfung";;
67dc7b3b5d38;67dc7b3b5d388c2dab569a5dbcb403983ef188fab2f15051b4a2e6099a24842b;Anleitungen/01_Quellanleitungen/BT-connect/BT-connect.pdf;1;32;D:20250723105549+02'00';38402;;ja;12000;ja;"Inventarisiert und Text extrahiert; keine inhaltliche Einzelprüfung";;
41507cb7e7db;41507cb7e7db4d2c389508bb6c60f861f0758ebb08f6eb57b7e7fb573a783156;Anleitungen/01_Quellanleitungen/CampLock Fingerprint/camplock-fingerprint.pdf;1;2;D:20260318151029+01'00';30178;;nein;;ja;"DE/FR Bedienabläufe und Daten geprüft; EN-Löschabweichung geprüft";1-2;"Camp ohne -002; Stromkonflikt zum Katalog; EN-Schritt zum Gelbwechsel abweichend"
2ee4a19ec758;2ee4a19ec75837b3fa471b60aafbdc2d4fa0bc5fca430235b3b66136d0791e97;Anleitungen/01_Quellanleitungen/CampLock Fingerprint/camplock-vanlock-fingerprint.pdf;1;91;D:20260702122131+02'00';94979;;nein;;ja;"DE/FR textlich und zentrale Abläufe visuell geprüft; EN-Löschen textlich geprüft";"DE 1-10; FR 20-28; EN 17";"Camp -002/Van; Van-Kompatibilität und Daten widersprechen Katalog"
82ce735dfbc3;82ce735dfbc37bbdcf9b5e106b8878ef097dee8b1e20dac82035ab5d8643f8ab;Anleitungen/01_Quellanleitungen/CO-Sensor fuer G.A.S.-pro/co_sensor-de_en_fr.pdf;1;4;D:20210122110125+01'00';3513;;ja;3497;ja;"Inventarisiert und Text extrahiert; keine inhaltliche Einzelprüfung";;
f789a9205410;f789a9205410e15eb1ce88858364cd56d4aacd6302116e456b2aaae6d00499ef;Anleitungen/01_Quellanleitungen/Funk-Handsender 868/einleger_funk_handsender_2_101064_ce.pdf;1;2;D:20220208144008+01'00';2272;;ja;2254;ja;"Inventarisiert und Text extrahiert; keine inhaltliche Einzelprüfung";;
b34a3d9cf921;b34a3d9cf921d12a80e1c5e3f624944a330e54e22b1f333d1d2c5e38a3deb6f6;Anleitungen/01_Quellanleitungen/Funk-Kabelschleife 868/funk-kabelschleife_868_schwarz.pdf;1;12;D:20240719131009+02'00';16885;;nein;;ja;"Inventarisiert und Text extrahiert; keine inhaltliche Einzelprüfung";;
50ff6384476f;50ff6384476f5a73b9925a5943e9044ce4cfa78c4db5c1967a3f521365376198;Anleitungen/01_Quellanleitungen/Funk-Kabelschleife 868/funk-kabelschleife_868_weiss.pdf;1;12;D:20240719131017+02'00';16868;;ja;12000;ja;"Inventarisiert und Text extrahiert; keine inhaltliche Einzelprüfung";;
4c6c2eab3839;4c6c2eab38390807f22812d658dccc64c70ab82d77ae4d5aed3224d232c09b22;Anleitungen/01_Quellanleitungen/Funk-Kabelschleife 868/funk-kabelschleife_868_xl_schwarz.pdf;1;12;D:20240719131030+02'00';16877;;ja;12000;ja;"Inventarisiert und Text extrahiert; keine inhaltliche Einzelprüfung";;
5246c8f041de;5246c8f041de5ff68adf863969c3d1901b087be039fdc91137d9d672d6c7e021;Anleitungen/01_Quellanleitungen/Funk-Kabelschleife 868/funk-kabelschleife_868_xl_weiss.pdf;1;12;D:20240719131050+02'00';16871;;nein;;ja;"Inventarisiert und Text extrahiert; keine inhaltliche Einzelprüfung";;
17b988bcc1ec;17b988bcc1ec4c7756611cc841d50f9d872a193d2b1101a775c55984897a321e;Anleitungen/01_Quellanleitungen/Funk-Magnetkontakt 868/funk-magnetkontakte_montieren.pdf;1;22;D:20250318145131+01'00';27616;;ja;12000;ja;"Inventarisiert und Text extrahiert; keine inhaltliche Einzelprüfung";;
e0830c572491;e0830c57249142d3b53cd7db0aa068b6a3cf35403c2131a0c0275f5d6d6b2dfd;Anleitungen/01_Quellanleitungen/Funk-Magnetkontakt 868/funk_magnetkontakt_sw.pdf;1;22;D:20260213055444+01'00';27278;;ja;12000;ja;"Inventarisiert und Text extrahiert; keine inhaltliche Einzelprüfung";;
e388356b6880;e388356b6880d5bb3cf63a83172e8e463a67230a7a31adf4dfc7063197033d41;Anleitungen/01_Quellanleitungen/Funk-Magnetkontakt 868/funk_magnetkontakt_ws.pdf;1;22;D:20260213055412+01'00';27563;;nein;;ja;"Inventarisiert und Text extrahiert; keine inhaltliche Einzelprüfung";;
08d590b1d101;08d590b1d101db7b2818633dd838f5c395916c0698e05f6c15afc67c20734906;Anleitungen/01_Quellanleitungen/Funk-Magnetkontakt 868 wasserdicht/funk-magnetkontakt-wasserdicht-868.pdf;1;17;D:20260316111142+01'00';28031;;nein;;ja;"DE textlich geprüft; Montage und Daten visuell geprüft";"Text 1-6; visuell 4-5,17";"Montage max. 22 mm; Auslösung >30 mm; wesentliche Inhalte bereits im Wiki"
1c7466a1e68b;1c7466a1e68bd3142dc45c9f8c65c8b485aea72a027233e13d6089de5a972b56;Anleitungen/01_Quellanleitungen/Funk-Wassermelder 868/funk-wassermelder-868.pdf;1;17;D:20260316085326+01'00';23733;;nein;;ja;"DE textlich geprüft; Montage und Daten visuell geprüft";"Text 1-6; visuell 4-5,17";"Trockene Sendeeinheit; Sensor Bodenkontakt; wesentliche Inhalte bereits im Wiki"
76cf1e683df9;76cf1e683df9ae633ce7256db5d117628dc4f18a82d49ec2f2bdbd97593b5b58;Anleitungen/01_Quellanleitungen/G.A.S. (Gaswarner)/g.a.s..pdf;1;15;D:20241216093056+01'00';40021;;ja;12000;ja;"Inventarisiert und Text extrahiert; keine inhaltliche Einzelprüfung";;
21e15d7e3cbc;21e15d7e3cbcc87308f1a7c175a116f0dd30f24665b6da92c0424a4e6b54a6b3;Anleitungen/01_Quellanleitungen/G.A.S.-connect/g.a.s.-connect.pdf;1;25;D:20241216115333+01'00';56246;;ja;12000;ja;"Inventarisiert und Text extrahiert; keine inhaltliche Einzelprüfung";;
7b77bd706beb;7b77bd706bebbe82e86eb3e37889a85fcda3fc4f3130b43b98ecc72fe6bc0aae;Anleitungen/01_Quellanleitungen/G.A.S.-plug all-in-one/g.a.s.-plug_all-in-one.pdf;1;13;D:20240711092147+02'00';22534;12;ja;12000;ja;"Inventarisiert und Text extrahiert; keine inhaltliche Einzelprüfung";;
7346def3c397;7346def3c397c5e9458a8837503f5c36745080f52f515e3f89df4693a8bc0459;Anleitungen/01_Quellanleitungen/G.A.S.-pro III/gas_pro_iii-kurzanleitung.pdf;1;2;D:20210510085315+02'00';19737;;ja;12000;ja;"Inventarisiert und Text extrahiert; keine inhaltliche Einzelprüfung";;
c5c76bbc1fee;c5c76bbc1fee220b92e8b2911f40c95fdc7a6e140ebb06f2c9b4e2d60830e173;Anleitungen/01_Quellanleitungen/G.A.S.-pro III/gas_pro_iii_co-kurzanleitung.pdf;1;2;D:20210510085225+02'00';19804;;ja;12000;ja;"Inventarisiert und Text extrahiert; keine inhaltliche Einzelprüfung";;
418f0c839399;418f0c839399a2e0c7529e28565a9ee10649fb17a542b16e3cb398262ed5058e;Anleitungen/01_Quellanleitungen/G.A.S.-pro III/technische_zusatzinformationen_gas-pro_iii.pdf | Anleitungen/de/technische_zusatzinformationen_gas-pro_iii.pdf;2;63;D:20251013100057+02'00';66276;61,62,63;ja;12000;ja;"Inventarisiert und Text extrahiert; keine inhaltliche Einzelprüfung";;
aaf0719343fd;aaf0719343fd4a33504d74f8286a9e1d9267531b827ac0e715627316c0166f01;Anleitungen/01_Quellanleitungen/NFC Modul/nfc_modul-kurzanleitung.pdf | Anleitungen/de/nfc_modul-kurzanleitung.pdf;2;52;D:20250903052632+02'00';19321;;ja;12000;ja;"Inventarisiert und Text extrahiert; keine inhaltliche Einzelprüfung";;
981e5a86ee1c;981e5a86ee1c9fa46734cb2ea4fa4cd06eb65c5be62d2a6e4114165c8243a1e8;Anleitungen/01_Quellanleitungen/Pro-finder/pro-finder_-_bedienungs-_und_montageanleitung_2.6_01.pdf | Anleitungen/de/pro-finder_-_bedienungs-_und_montageanleitung_2.6_01.pdf;2;72;D:20181220134643+01'00';114449;;ja;12000;ja;"Inventarisiert und Text extrahiert; keine inhaltliche Einzelprüfung";;
a1e1ae9b1a6e;a1e1ae9b1a6e0e1c5a21a82f3639a0facff60073f702ff9443428addd5d94bb2;Anleitungen/01_Quellanleitungen/Pro-finder/pro-finder_ab_sn045_bedienungs_und_installationsanleitung_zehn_sprachen.pdf | Anleitungen/de/pro-finder_ab_sn045_bedienungs_und_installationsanleitung_zehn_sprachen.pdf;2;247;D:20241118122158+01'00';3559;2,4,5,6,7,8,9,10,11,12,13,14,15,16,17,18,19,20,21,22,23,24,25,26,28,29,30,31,32,33,34,35,36,37,38,39,40,41,42,43,44,45,46,47,48,49,50,52,53,54,55,56,57,58,59,60,61,62,63,64,65,66,67,68,69,70,71,72,73,74,75,76,77,79,80,81,82,83,84,85,86,87,88,89,90,91,92,93,94,95,96,97,98,99,100,101,103,104,105,106,107,108,109,110,111,112,113,114,115,116,117,118,119,120,121,122,123,124,126,127,128,129,130,131,132,133,134,135,136,137,138,139,140,141,142,143,144,145,146,147,148,149,150,152,153,154,155,156,157,158,159,160,161,162,163,164,165,166,167,168,169,170,171,172,173,174,176,177,178,179,180,181,182,183,184,185,186,187,188,189,190,191,192,193,194,195,196,197,198,199,201,202,203,204,205,206,207,208,209,210,211,212,213,214,215,216,217,218,219,220,221,222,223,224,225,227,228,229,230,231,232,233,234,235,236,237,238,239,240,241,242,243,244,245,246,247;ja;2148;ja;"Inventarisiert und Text extrahiert; keine inhaltliche Einzelprüfung";;"Überwiegend Bildseiten; vorhandener Manifest-Text 2148 Zeichen; OCR-Abschrift separat vorhanden"
f737c39a10da;f737c39a10dab22ed0eec9332d653eeeac70703fe58a6e8712e4e70eb3d09ceb;Anleitungen/01_Quellanleitungen/Pro-finder/pro_finder-kurzanleitung-international.pdf | Anleitungen/de/pro_finder-kurzanleitung-international.pdf;2;2;D:20210303101918+01'00';33982;;ja;12000;ja;"Inventarisiert und Text extrahiert; keine inhaltliche Einzelprüfung";;
a73a4dc7ee1d;a73a4dc7ee1d8843c8f3beef423da4be8d2b81347adf89560d8e1f4deaf2dc23;Anleitungen/01_Quellanleitungen/Pro-finder/pro_finder-kurzanleitung-international_sn-045.pdf | Anleitungen/de/pro_finder-kurzanleitung-international_sn-045.pdf;2;2;D:20231006090705+02'00';36615;;ja;12000;ja;"Inventarisiert und Text extrahiert; keine inhaltliche Einzelprüfung";;
b6c32564e69a;b6c32564e69aa86b44708744ac0cb3dcbc8bba6c622568eade75516185969b0e;Anleitungen/01_Quellanleitungen/safe.lock Umruestplatine/safe-lock_umruestplatine.pdf | Anleitungen/de/safe-lock_umruestplatine.pdf;2;12;D:20260130085339+01'00';17554;;ja;12000;ja;"Inventarisiert und Text extrahiert; keine inhaltliche Einzelprüfung";;
e624d4eafbde;e624d4eafbde04a8633fe36b904edac8367b963d659b5998d15b8dd6779825e4;Anleitungen/01_Quellanleitungen/T.S.A. Funk-Rauchmelder/funk-rauchmelder-t.s.a..pdf;1;32;D:20250226060054+01'00';78455;;ja;12000;ja;"Inventarisiert und Text extrahiert; keine inhaltliche Einzelprüfung";;
9393f60f5920;9393f60f59205d73c92a4306b39345772b4cebba27650d45ad00cff394fa7293;Anleitungen/01_Quellanleitungen/WiPro III/wipro_iii-installationsanleitung_1.8.pdf | Anleitungen/de/wipro_iii-installationsanleitung_1.8.pdf;2;128;D:20180322144424+01'00';232108;;ja;12000;ja;"Inventarisiert und Text extrahiert; keine inhaltliche Einzelprüfung";;
44824bae21b0;44824bae21b0267dd50d661674a1e286dabb2141371f7984ce377e6084ba213c;Anleitungen/01_Quellanleitungen/WiPro III/wipro_iii.pdf | Anleitungen/de/wipro_iii.pdf;2;2;D:20250411124227+02'00';31753;;ja;12000;ja;"Inventarisiert und Text extrahiert; keine inhaltliche Einzelprüfung";;
b275b6e76b6d;b275b6e76b6dc6d8b6d008ffa3eb18f7f72d1d4b059562239d5dc2ce3cae3e01;Anleitungen/01_Quellanleitungen/WiPro III/wipro_iii_safe-lock_bedienungsanleitung_zehn_sprachen.pdf | Anleitungen/de/wipro_iii_safe-lock_bedienungsanleitung_zehn_sprachen.pdf;2;182;D:20241105143335+01'00';5724;2,3,4,5,6,9,10,11,12,13,14,15,16,17,18,19,20,21,22,23,24,27,28,29,30,31,32,33,34,35,36,37,38,39,40,41,42,45,46,47,48,49,50,51,52,53,54,55,56,57,58,59,60,61,64,65,66,67,68,69,70,71,72,73,74,75,76,77,78,79,82,83,84,85,86,87,88,89,90,91,92,93,94,95,96,97,100,101,102,103,104,105,106,107,108,109,110,111,112,113,114,115,118,119,120,121,122,123,124,125,126,127,128,129,130,131,132,133,136,137,138,139,140,141,142,143,144,145,146,147,148,149,150,151,154,155,156,157,158,159,160,161,162,163,164,165,166,167,168,169,172,173,174,175,176,177,178,179,180,181,182;ja;1841;ja;"Revision textlich; Inhaltsverzeichnis und Fahrzeughinweise visuell verglichen";"Text 1; visuell 3-6";"Rev. 1.2/11-2024; alter Extrakt nur 1841 Zeichen"
430e39c0a4b7;430e39c0a4b72d2b1bfb4a57da04e9f0b5c8b049f2264b1f9e4bb5d671e23b53;Anleitungen/01_Quellanleitungen/WiPro III/wipro_iii_upgrade_update_service_2024-de.pdf | Anleitungen/01_Quellanleitungen/WiPro III safe.lock/wipro_iii_upgrade_update_service_2024-de.pdf;2;1;D:20240322094433+01'00';3076;;nein;;nein;"Inventarisiert und Text extrahiert; keine inhaltliche Einzelprüfung";;
5976e52fecff;5976e52fecff6c77e19741be092299c4185c405eaa8547fb54636c6b8f781547;Anleitungen/01_Quellanleitungen/WiPro III safe.lock/bedienungsanleitung_wipro_iii_safe-lock.pdf;1;191;D:20241105143335+01'00';5578;2,3,4,5,6,7,10,11,12,13,14,15,16,17,18,19,20,21,22,23,24,25,28,29,30,31,32,33,34,35,36,37,38,39,40,41,42,43,44,47,48,49,50,51,52,53,54,55,56,57,58,59,60,61,62,63,64,67,68,69,70,71,72,73,74,75,76,77,78,79,80,81,82,83,86,87,88,89,90,91,92,93,94,95,96,97,98,99,100,101,102,105,106,107,108,109,110,111,112,113,114,115,116,117,118,119,120,121,124,125,126,127,128,129,130,131,132,133,134,135,136,137,138,139,140,143,144,145,146,147,148,149,150,151,152,153,154,155,156,157,158,159,162,163,164,165,166,167,168,169,170,171,172,173,174,175,176,177,178,181,182,183,184,185,186,187,188,189,190,191;nein;;nein;Deckblatt, Inhaltsverzeichnis und Fahrzeughinweise visuell geprüft;1,3-7;"Rev. 1.3/06-2025; Sprinter Warnton; Ford-Generationen; überwiegend Bildseiten"
23de77ae12c5;23de77ae12c52c00c5861176d5c4eb826de94b08141fe7a6f16f99a888152b13;Anleitungen/01_Quellanleitungen/WiPro III safe.lock/wipro_iii_safe.lock.pdf | Anleitungen/de/wipro_iii_safe.lock.pdf;2;2;D:20250411124119+02'00';39749;;ja;12000;ja;"Inventarisiert und Text extrahiert; keine inhaltliche Einzelprüfung";;
36d0e8e3a8d0;36d0e8e3a8d0c3f9e83f484089488cde6c5436ced27528e4cf659ec10cc1ef62;Anleitungen/01_Quellanleitungen/Zusatzhupe/zusatzhupe.pdf | Anleitungen/de/zusatzhupe.pdf;2;16;D:20250624150504+02'00';26642;;ja;12000;ja;"Inventarisiert und Text extrahiert; keine inhaltliche Einzelprüfung";;
fa5225769065;fa52257690654ad941cb4224d7429c9bacf81c70fa9acb327095318b9b89f0ff;Anleitungen/01_Quellanleitungen/Zusatzsensor fuer G.A.S.-pro III/zusatzsensor_gas-pro_iii_de_en_fr.pdf | Anleitungen/de/zusatzsensor_gas-pro_iii_de_en_fr.pdf;2;4;D:20220407084436+02'00';3013;;ja;2967;ja;"Inventarisiert und Text extrahiert; keine inhaltliche Einzelprüfung";;
25e17cbd85dd;25e17cbd85dd11f2578b7057d468faf4bf4b8ac013be6659e1e95b625119f2d6;Anleitungen/01_Quellanleitungen/Zusatzsirene/zusatzsirene_anleitung.pdf | Anleitungen/de/zusatzsirene_anleitung.pdf;2;1;D:20201217090848+01'00';545;;ja;555;ja;"Inventarisiert und Text extrahiert; keine inhaltliche Einzelprüfung";;
f850deebc144;f850deebc1445fc9eb9772cc18285221639df54c10c65ed7debd8bd0347984e7;Anleitungen/de/App Befehle 1.1.pdf;1;1;D:20200903101319+02'00';697;;nein;;ja;"Inventarisiert und Text extrahiert; keine inhaltliche Einzelprüfung";;
748821d4558b;748821d4558bf49f01fdf0eb664163dbd3a037ae07dfafb70d2afd5269003fa8;Anleitungen/de/FAQ Allgemeine Fragen.pdf;1;2;;4610;;nein;;ja;"Inventarisiert und Text extrahiert; keine inhaltliche Einzelprüfung";;
e21b992d9a94;e21b992d9a94bb8744de642942ea6317c51a44509ea6a9cd006f0074da5195df;Anleitungen/de/Fragen zu Bluetooth-Vernetzungsmodul.pdf;1;3;;1349;;nein;;ja;"Inventarisiert und Text extrahiert; keine inhaltliche Einzelprüfung";;
12faf57bc265;12faf57bc26548ab0b0da3de41380f86c61571c483562726f4203c138d30bcb3;Anleitungen/de/Fragen zu BT-connect.pdf;1;2;;1220;;nein;;ja;"Inventarisiert und Text extrahiert; keine inhaltliche Einzelprüfung";;
2520f109f895;2520f109f89561017ff8c5af6a138ee60567f3ab12da47efa0b9ddf1a394d201;Anleitungen/de/Fragen zu CO-Sensor für G.A.S.-pro und G.A.S.-pro III.pdf;1;3;;5764;;nein;;ja;"Inventarisiert und Text extrahiert; keine inhaltliche Einzelprüfung";;
8e388d564c0b;8e388d564c0bb8f6989253fb3f29ca7adb1e9dfd2b293cbe409f2f50babbfc1f;Anleitungen/de/Fragen zu Funk-Handsender 868.pdf;1;4;;8446;;nein;;ja;"Inventarisiert und Text extrahiert; keine inhaltliche Einzelprüfung";;
35c0260ddf42;35c0260ddf42cd21865ba6ec0cdaa87728ae91fbd2a0acf6f04186aa47191d2c;Anleitungen/de/Fragen zu Funk-Kabelschleife 868.pdf;1;2;;3634;;nein;;ja;"Inventarisiert und Text extrahiert; keine inhaltliche Einzelprüfung";;
f1bc5e8510f0;f1bc5e8510f02090ef7b799c2aa9cb8af6274aed1dfbe4667066d41774d280bd;Anleitungen/de/Fragen zu Funk-Magnetkontakt 868 wasserdicht.pdf;1;2;;2388;;nein;;ja;FAQ textlich geprüft;1-2;"Allgemeine Batteriehinweise; kein Ersatz für produktspezifische Anleitung"
080d09cb80f1;080d09cb80f1c2b01e5444496a11aadffef369bb9b1d8084aa7496dd29e2d608;Anleitungen/de/Fragen zu Funk-Magnetkontakt 868.pdf;1;2;;2389;;nein;;ja;"Inventarisiert und Text extrahiert; keine inhaltliche Einzelprüfung";;
3a95b2c21208;3a95b2c212089e5f9cd67acc8c5ece29575cd818fd818512d45a62c75739d8b1;Anleitungen/de/Fragen zu Funk-Wassermelder 868.pdf;1;2;;2387;;nein;;ja;FAQ textlich geprüft;1-2;"Allgemeine Batteriehinweise; kein Ersatz für produktspezifische Anleitung"
1c5e831e66de;1c5e831e66de0592c06ceeba0b0180061c5bb0544bc6ce6a7c280e9862766411;Anleitungen/de/Fragen zu G.A.S.-connect.pdf;1;2;;5080;;nein;;ja;"Inventarisiert und Text extrahiert; keine inhaltliche Einzelprüfung";;
b438dc500603;b438dc5006032d85f57e8c0a782e26ca5d46a9bbc60f2fd93f48517e82b5882e;Anleitungen/de/Fragen zu G.A.S.-plug „all in one“.pdf;1;2;;4428;;nein;;ja;"Inventarisiert und Text extrahiert; keine inhaltliche Einzelprüfung";;
487fda76da67;487fda76da67cc0b4030f6198ce3b3321b9086f77c6da9e8c78dff04656ed5e0;Anleitungen/de/Fragen zu G.A.S.-pro III.pdf;1;1;;2027;;nein;;ja;"Inventarisiert und Text extrahiert; keine inhaltliche Einzelprüfung";;
85e7267c6872;85e7267c68727a05492316d15d3900d6644631ce2263da77e389ac1aa5691f18;Anleitungen/de/Fragen zu G.A.S.-pro.pdf;1;3;;5309;;nein;;ja;"Inventarisiert und Text extrahiert; keine inhaltliche Einzelprüfung";;
b9b3b4fa3ddb;b9b3b4fa3ddb701167e586e2d403cb3dd4a941a851fcb502813c337bfcda78a3;Anleitungen/de/Fragen zu G.A.S..pdf;1;2;;5084;;nein;;ja;"Inventarisiert und Text extrahiert; keine inhaltliche Einzelprüfung";;
3282330c1b89;3282330c1b8931bec8743ff52633f20c86943881a592e89dd6d4f75a3b3a2586;Anleitungen/de/Fragen zu NFC Modul.pdf;1;1;;297;;nein;;ja;"Inventarisiert und Text extrahiert; keine inhaltliche Einzelprüfung";;
b445be238844;b445be238844ad86bfa72d73f24dc6993bd126fdc6fcbc2e36c2942e4abe6c93;Anleitungen/de/Fragen zu Pro-finder.pdf;1;7;;12383;;nein;;ja;"Inventarisiert und Text extrahiert; keine inhaltliche Einzelprüfung";;
ca19024dcf76;ca19024dcf768c76813dad7c120f042ebf6b903ff4451df85977bc39d0d2b92f;Anleitungen/de/Fragen zu safe.lock Umrüstplatine.pdf;1;3;;5109;;nein;;ja;"Inventarisiert und Text extrahiert; keine inhaltliche Einzelprüfung";;
799cd97d2e3e;799cd97d2e3ef4975e660787a332a65ab7feaacef0327a3e58afdb7355479516;Anleitungen/de/Fragen zu T.S.A. Funk-Rauchmelder.pdf;1;2;;643;;nein;;ja;"Inventarisiert und Text extrahiert; keine inhaltliche Einzelprüfung";;
57dd814b34a9;57dd814b34a9bfcf08e21cd581dfe08ed5eb1e2fa5f3e8dd3b63299aa192d005;Anleitungen/de/Fragen zu WiPro III safe.lock.pdf;1;31;;35081;13;nein;;ja;"Inventarisiert und Text extrahiert; keine inhaltliche Einzelprüfung";;
0a5013e02c0b;0a5013e02c0b6e8f6097df3bb98969ecd76caf6817b3268e591c59ed43843026;Anleitungen/de/Fragen zu WiPro III.pdf;1;20;;17503;;nein;;ja;"Inventarisiert und Text extrahiert; keine inhaltliche Einzelprüfung";;
c02146df0d8f;c02146df0d8f0309091b0dd183039c003d4c089d5c1d91bc3661d6dc9f50fd9d;Anleitungen/de/Fragen zu Zusatzsensor für G.A.S.-pro III.pdf;1;2;;4383;;nein;;ja;"Inventarisiert und Text extrahiert; keine inhaltliche Einzelprüfung";;
7f66a388a8e1;7f66a388a8e14833bf2f97093a0122be1d1367e188cf851756ad1a20d8f0c7fd;Anleitungen/de/handbuch_gas-pro_2.5.pdf;1;28;D:20220208081606+01'00';48321;26,27,28;ja;12000;ja;"Inventarisiert und Text extrahiert; keine inhaltliche Einzelprüfung";;"Gas-pro 2.5 im Gesamtordner vorhanden; ergänzt den früheren Unterordner-Abgleich"
88e15f87329e;88e15f87329e4ea72a46cf2da7401fc2665698bb5f4fa060cd24a6a21d6e2e74;Anleitungen/de/installationshinweise-wipro-iii-und-wipro-iii-safe.lock-adria-coral-und-matrix-ab-mj-2021.pdf;1;2;D:20210830082815+02'00';2408;;nein;;ja;"Inventarisiert und Text extrahiert; keine inhaltliche Einzelprüfung";;
161acf11083a;161acf11083a1c09ff7d8516e8b072ca01824c5c86da33559edc545e706db189;Anleitungen/de/Kompatibilität Smartphone-Smartwatch mit Vernetzungsmodul Stand 08.23.pdf;1;1;D:20230823135348+02'00';294;;nein;;nein;"Inventarisiert und Text extrahiert; keine inhaltliche Einzelprüfung";;
2110b33a5de3;2110b33a5de3f77f73c4d7df9e5504af5dd17d50b44a8e06aa0c53f673bc87b4;Anleitungen/de/NUR_INTERNER_GEBRAUCH_Pro-finder_Befehle_abV9.1_(V1.1).pdf;1;3;D:20220805123116+02'00';9615;;nein;;ja;"Inventarisiert und Text extrahiert; keine inhaltliche Einzelprüfung";;"Explizit interner Gebrauch laut Dateiname; Zugriffsklassifizierung beibehalten"
bdf15a3b2f43;bdf15a3b2f433e7563412c5e3201ee1b13859203ec7729fcf4b22c59c4739d4a;Anleitungen/de/pro-finder_ocr_abschrift.pdf;1;248;D:20260421070228+00'00';297535;;nein;;ja;Einleitung und erste OCR-Seiten textlich geprüft;1-6;"Abgeleitete OCR; Originalseite = OCR-PDF-Seite minus 1; erkennbare OCR-Fehler"
eaf1d2f31c86;eaf1d2f31c865905987761adc5f09cac828a9fa4d727fc816107571478383470;Anleitungen/de/thitronik-eckernfoerde-flyer_2023.pdf;1;2;D:20230515084212+02'00';3755;;nein;;ja;"Inventarisiert und Text extrahiert; keine inhaltliche Einzelprüfung";;
b572876009c2;b572876009c2a251831abd230da51266208a6d69a3f87d0207fbb0d2c4198242;Anleitungen/de/thitronik-kleiner_reisefuehrer_2023.pdf;1;2;D:20231108093219+01'00';3873;;nein;;ja;"Inventarisiert und Text extrahiert; keine inhaltliche Einzelprüfung";;
db6f9b362ae8;db6f9b362ae8c80eb15573234cd89a6421e545a6a6ae76eb43016d90089b6231;Anleitungen/de/thitronik_reisefuehrer_2024.pdf;1;2;D:20240528145959+02'00';3960;;nein;;ja;"Inventarisiert und Text extrahiert; keine inhaltliche Einzelprüfung";;
124c20a1acf1;124c20a1acf1ac51fa9587767cd8b6386940e2792bdeb4326589c202005a356a;Anleitungen/de/thitronik_zugang_nur_zugang_v2.pdf;1;8;D:20260421083942Z';12654;;nein;;ja;Sekundärzusammenstellung textlich geprüft;1-8;"Herkunft nicht als Herstelleroriginal bestätigt; 202 g/allgemeine Hartal-Aussage nicht übernehmen"
eabb7aa5366e;eabb7aa5366e3a649fc97e516efd215d1c7b5ed50b78fbbc2e7e08234d123044;Anleitungen/de/wipro_iii_fiat_ducato_244.pdf;1;11;D:20201204103833+01'00';11712;;nein;;ja;"Inventarisiert und Text extrahiert; keine inhaltliche Einzelprüfung";;
aeb5f2d709a7;aeb5f2d709a782aaef06c840ed121bdd75484372cbd67d7fb002a2f3a2adc80e;Anleitungen/de/wipro_iii_fiat_ducato_x250_euro_4_safe.lock.pdf;1;11;D:20201204104233+01'00';12362;;nein;;ja;"Inventarisiert und Text extrahiert; keine inhaltliche Einzelprüfung";;
915fd4a8e5fe;915fd4a8e5feb6deb16861adf9346aeda2ae3cf4133bf4e5a98d4b425098a138;Anleitungen/de/wipro_iii_fiat_talento___renault_trafic_iii.pdf;1;9;D:20220517081844+02'00';9973;;nein;;ja;"Inventarisiert und Text extrahiert; keine inhaltliche Einzelprüfung";;
aed4374e7526;aed4374e7526c78524bac89903e49dde1f0a6362c3f38e0887f56ba1ec821217;Anleitungen/de/wipro_iii_ford_transit_2019.pdf;1;11;D:20201204105819+01'00';11288;;nein;;ja;"Inventarisiert und Text extrahiert; keine inhaltliche Einzelprüfung";;
92889b43e6eb;92889b43e6ebb81b6747842377ce537619c754a884e935820b1a317fbf1371e5;Anleitungen/de/wipro_iii_ford_transit_6._generation_2006-2013.pdf;1;9;D:20201204105458+01'00';9949;;nein;;ja;"Inventarisiert und Text extrahiert; keine inhaltliche Einzelprüfung";;
0f09f338b7c1;0f09f338b7c1b59f6381a65439ea529512a4929dccdffe30077c7af968cae938;Anleitungen/de/wipro_iii_ford_transit_7._generation_2014_2015.pdf;1;9;D:20201204105623+01'00';10110;;nein;;ja;"Inventarisiert und Text extrahiert; keine inhaltliche Einzelprüfung";;
68f673c7b898;68f673c7b8982648e22af6a4a3f306858ff81b7e0d077bfd21221c3631a73cc1;Anleitungen/de/wipro_iii_ford_transit_7._generation_2016-2019.pdf;1;9;D:20201204105720+01'00';10403;;nein;;ja;"Inventarisiert und Text extrahiert; keine inhaltliche Einzelprüfung";;
6a6358e0cb25;6a6358e0cb25db7ff3a412af0c5de97191929a4a40d01d502a14717aefd8f2f9;Anleitungen/de/wipro_iii_iveco_daily_euro_4.pdf;1;10;D:20201204105952+01'00';11420;;nein;;ja;"Inventarisiert und Text extrahiert; keine inhaltliche Einzelprüfung";;
6d2efad49017;6d2efad4901709629782c026e2f2d4456fc718ca51549b84f69c785803ad9fe6;Anleitungen/de/WiPro_III_Iveco_Daily_Euro_5_2011-2024_DE.pdf;1;10;D:20260112112304+01'00';13237;;nein;;ja;"Inventarisiert und Text extrahiert; keine inhaltliche Einzelprüfung";;
5f290645d516;5f290645d5169ce721757aa09b1b40c3b91497986d8bf5812c7c3c535f519110;Anleitungen/de/wipro_iii_mercedes_sprinter_ncv3_vw_crafter_ab_2006.pdf;1;13;D:20210630152749+02'00';15843;;nein;;ja;"Inventarisiert und Text extrahiert; keine inhaltliche Einzelprüfung";;
0d190b0c3f61;0d190b0c3f61894cbe4c5ba4868d0cfb4aab5166a4f9f41d2562d7d046083fb2;Anleitungen/de/wipro_iii_mercedes_sprinter_t1n.pdf;1;2;D:20201204110847+01'00';1937;;nein;;ja;"Inventarisiert und Text extrahiert; keine inhaltliche Einzelprüfung";;
8a734a717da1;8a734a717da1d33798b7c302fc4db262a1c53931d6058048398a3d3947beee49;Anleitungen/de/wipro_iii_mercedes_sprinter_vs30_01.pdf;1;14;D:20230316145331+01'00';16159;;nein;;ja;"Inventarisiert und Text extrahiert; keine inhaltliche Einzelprüfung";;
9fc73228358d;9fc73228358d5795e7e26116f0d9032d96c21127e76e0d83ed099002a62b3901;Anleitungen/de/wipro_iii_renault_master_ab_2011_01.pdf;1;10;D:20250410094324+02'00';12657;;nein;;ja;"Inventarisiert und Text extrahiert; keine inhaltliche Einzelprüfung";;
f1a187b62f5c;f1a187b62f5c4054f2bfd75fe546c787e1477d57febc56bf4676e95ec684e300;Anleitungen/de/wipro_iii_renault_master_ii_1998-2010.pdf;1;11;D:20201204111435+01'00';10436;;nein;;ja;"Inventarisiert und Text extrahiert; keine inhaltliche Einzelprüfung";;
4108275821a4;4108275821a46270e9996e1109ab1d097870248616bd4112040b68cc92aa015d;Anleitungen/de/wipro_iii_renault_trafic_iii___nissan_primastar_2022_.pdf;1;10;D:20220804103425+02'00';10556;;nein;;ja;"Inventarisiert und Text extrahiert; keine inhaltliche Einzelprüfung";;
58c2c10b0fea;58c2c10b0feab9e65a0e48e2577fd85064515777811a9c320c93d407ff7ef7d5;Anleitungen/de/wipro_iii_vw_crafter___man_tge_2017-2024 (1).pdf | Anleitungen/de/wipro_iii_vw_crafter___man_tge_2017-2024.pdf;2;11;D:20250710130232+02'00';12495;;nein;;ja;"Inventarisiert und Text extrahiert; keine inhaltliche Einzelprüfung";;
9e3c3939b202;9e3c3939b2025cc0f5c479b2684efa8025daa370ee93e11d09ec36c20f4fecb9;Anleitungen/de/wipro_iii_vw_t5_2006-2009.pdf;1;10;D:20201204111636+01'00';9591;;nein;;ja;"Inventarisiert und Text extrahiert; keine inhaltliche Einzelprüfung";;
150be1e9a5df;150be1e9a5dff3746e85461fef85b8ada63b697caaa6f8b23a4c8143787f77db;Anleitungen/de/wipro_iii_vw_t5_facelift_2009_.pdf;1;9;D:20201204111722+01'00';10286;;nein;;ja;"Inventarisiert und Text extrahiert; keine inhaltliche Einzelprüfung";;
fdc0ab746705;fdc0ab7467056bf3415b631e3a0338576a88351646274913d2a72e06157f0bef;Anleitungen/de/wipro_iii_vw_t6_2015_.pdf;1;10;D:20201204111906+01'00';10375;;nein;;ja;"Inventarisiert und Text extrahiert; keine inhaltliche Einzelprüfung";;
82c5e9cac76b;82c5e9cac76bc05a823ff65bb660c351f150819b44153b98fc1ee11e661adc08;Anleitungen/de/Zusatzanleitung_safe.lock-Upgrade-alleFahrzeuge_2024.pdf;1;4;D:20240417095654+02'00';6284;;nein;;ja;"Inventarisiert und Text extrahiert; keine inhaltliche Einzelprüfung";;
a95c4aa4e485;a95c4aa4e48506d68b886bb042cebf1e36e170d62bb6d7ec80b6d2f548540e8a;Anleitungen/de/ZV - IVECO Daily.pdf;1;1;D:20230726093936+02'00';1582;;nein;;ja;"Inventarisiert und Text extrahiert; keine inhaltliche Einzelprüfung";;
